path,out_ages,out_genders,face_scores
./Dataset-copy/imdb_faces/imdb_crop/21/nm0123221_rm1196000768_1914-2-5_2010.jpg,96,1,2.4921253895690283
./Dataset-copy/imdb_faces/imdb_crop/21/nm0123221_rm1078560256_1914-2-5_2010.jpg,96,1,3.5729917006383585
./Dataset-copy/imdb_faces/imdb_crop/21/nm0123221_rm1112114688_1914-2-5_2010.jpg,96,1,2.3481759260835284
./Dataset-copy/imdb_faces/imdb_crop/21/nm0123221_rm1162446336_1914-2-5_2010.jpg,96,1,2.79469338172669
./Dataset-copy/imdb_faces/imdb_crop/21/nm0123221_rm1179223552_1914-2-5_2010.jpg,96,1,1.9610703972163284
